# RISE URL Redirects
/affiliates         /#locations              301
/contact-us         /#contact              301
/insurance         /#insurance             301
/locations         /#locations              301
/our-services         /#services              301
/our-services/rise-physical-therapy-services         /#services              301
/injury-prevention         /#services              301
/acute-injury-and-post-op-care         /#services              301
/deconditioning         /#services              301
/balance-training         /#services              301
/neurological-rehabilitation         /#services              301
/biomechanical-assessment         /#services              301
/pediatric-rehab         /#services              301
/elite-sports-training-and-rehabilitation         /#services              301
/our-staff         /#team              301
/our-staff/rise         /#team              301
/our-staff/navid-hannanvash         /#team              301
/our-staff/thomas-russell         /#team              301
/our-staff/rachel-nesseth         /#team              301
/our-staff/alex-kelso         /#team              301
/navid-hannanvash         /#team              301
/thomas-russell         /#team              301
/rachel-nesseth         /#team              301
/alex-kelso         /#team              301
/about-us         /#about              301
/testimonials         /              301
/marcello-margott         /              301
/sue-h         /              301
/nancy-s         /              301
/tracey-c         /              301
/zac-h         /              301
/jan-c         /              301
/behdad-s         /              301
/carlsbad         /locations/carlsbad-physical-therapy              301
/solana-beach         /locations/solana-beach-physical-therapy              301
/point-loma         /locations/point-loma-physical-therapy              301
/la-canada-flintridge         /#locations              301
/silver-strand-physical-therapy         /#locations              301
/what-does-rise-mean-to-you         /              301


# RISE Blog Redirects
/rise-blog         /blog              301
/foundations         /blog              301
/foundations-series         /blog              301
/powered-by-rise         /blog              301
/rise-and-rise-again         /blog/rise-and-rise-again              301
/foundations-rise-partnerships         /blog/foundations-rise-partnerships              301
/foundations-the-thoracic-spine         /blog/foundations-the-thoracic-spine              301
/foundations-the-pelvis         /blog/foundations-the-pelvis              301
/welcome-dr-alex-kelso         /blog/welcome-dr-alex-kelso              301
/ball-is-life         /blog/ball-is-life              301
/the-6-most-common-sports-injuries-and-how-you-can-avoid-them  /blog/the-6-most-common-sports-injuries-and-how-you-can-avoid-them       301
/the-dos-and-donts-of-injury-rehabilitation         /blog/the-dos-and-donts-of-injury-rehabilitation/              301
/what-is-a-biomechanical-assessment         /blog/what-is-a-biomechanical-assessment              301
/how-elite-athletes-can-use-physical-therapy-as-part-of-their-training-program         /blog/how-elite-athletes-can-use-physical-therapy-as-part-of-their-training-program              301
/running-injury-prevention-clinic-at-movin-shoes         /blog/running-injury-prevention-clinic-at-movin-shoes         301
/north-county-love         /blog/north-county-love              301
